,Job Title,Company,Location,Salary,Requirements,Years of Experience,Tags,Link
0,Data Science- supply chain optimization,EY Global Delivery Services India Llp,"Hybrid - Gurgaon/Gurugram, Bangalore/Bengaluru",Not disclosed,Manager Data Science for Supply Chain OptimizationData and Analytics team is a multi-di...,8-12 Yrs,"Inventory Optimization, Simulation, Supply Chain Optimization, machine learning, IT Skills, Python, Software Development, Data Science",https://www.naukri.com/job-listings-data-science-supply-chain-optimization-ey-global-delivery-services-india-llp-gurgaon-gurugram-bangalore-bengaluru-8-to-12-years-101122006942
1,Principal Engineer Data Science II AI models II Machine Learning,People Resources    ,Bangalore/Bengaluru,"30,00,000 - 45,00,000 PA.",8+ Years experience in developing AI modelsStrong knowledge in Machine Learning & Deep ...,8-13 Yrs,"Data Processing, Machine Learning, SAS, Scala, Python, Java, Hadoop, ETL",https://www.naukri.com/job-listings-principal-engineer-data-science-ii-ai-models-ii-machine-learning-people-resources-bangalore-bengaluru-8-to-13-years-161122609669
2,Data Science Lead,Koch Industries,Bangalore/Bengaluru,Not disclosed,Georgia Pacific LLC is looking for a Data Science Leader to join our Decision Analytics...,15-19 Yrs,"Data Science, IT Skills, Python, Machine Learning, Artificial Intelligence, AWS, advanced analytics, Data analysis",https://www.naukri.com/job-listings-data-science-lead-koch-business-solutions-india-private-limited-bangalore-bengaluru-15-to-19-years-031122914191
3,Lead Instructor - Data Science,Scaler Academy,Bangalore/Bengaluru,Not disclosed,Create and execute a road map for launching Scaler Data Science course. Help in designi...,1-6 Yrs,"Power house, Health insurance, B2C, data science, Machine learning, Instructor, Process excellence, Product sales",https://www.naukri.com/job-listings-lead-instructor-data-science-scaler-academy-bangalore-bengaluru-1-to-6-years-151122501042
4,Senior Analyst & AI Lead - Data Science,Huquo Consulting Pvt. Ltd,"Faridabad, Gurgaon/Gurugram, Delhi / NCR",Not disclosed,in Computer scienceInformation Technology ECE or other quantitative disciplines from ti...,2-7 Yrs,"Data Science, R, NLP, Artificial Intelligence, Data Scientist, Machine Learning, Cloud Infrastructure, Deep Learning",https://www.naukri.com/job-listings-senior-analyst-ai-lead-data-science-huquo-consulting-pvt-ltd-faridabad-gurgaon-gurugram-delhi-ncr-2-to-7-years-141122904743
5,Senior Analyst & AI Lead - Data Science,Huquo Consulting Pvt. Ltd,"Faridabad, Gurgaon/Gurugram",Not disclosed,in Computer scienceInformation Technology ECE or other quantitative disciplines from ti...,2-7 Yrs,"Data Science, R, Artificial Intelligence, Machine Learning, Deep Learning, IT Skills, Python, Testing",https://www.naukri.com/job-listings-senior-analyst-ai-lead-data-science-huquo-consulting-pvt-ltd-faridabad-gurgaon-gurugram-2-to-7-years-141122909271
6,"Analyst, Data Science",Johnson & Johnson,Bangalore/Bengaluru,Not disclosed,Bachelor of Science or Bachelor of Engineering at a minimumProficiency in statistical c...,2-4 Yrs,"Data Science, python, Azure, procurement planning, AI, machine learning, sql, deep learning",https://www.naukri.com/job-listings-analyst-data-science-johnson-johnson-private-limited-bangalore-bengaluru-2-to-4-years-311022915040
7,Consultant/Senior Manager - Analytics/Data Science - IT,Huquo Consulting Pvt. Ltd,"Gurgaon/Gurugram, Bangalore/Bengaluru",Not disclosed,"- Collaborate with client stakeholders to understand and frame business requests, deter...",2-7 Yrs,"Data Science, SAS, Data Visualization, Data Analytics, Analytics, Python, SpaCity, analytical",https://www.naukri.com/job-listings-consultant-senior-manager-analytics-data-science-it-huquo-consulting-pvt-ltd-gurgaon-gurugram-bangalore-bengaluru-2-to-7-years-141122908796
8,Senior Analyst (Data Science),Cigna TTK,Bangalore/Bengaluru,Not disclosed,Knowledge and experience in supervised and unsupervised machine learning algorithmsExpe...,5-10 Yrs,"Cloud computing, Data analysis, NoSQL, Business analytics, Analytical, Machine learning, SAGE, Data mining",https://www.naukri.com/job-listings-senior-analyst-data-science-cigna-ttk-health-insurance-company-limited-bangalore-bengaluru-5-to-10-years-220722500993
9,"Manager , Data Science",Visa,Mumbai,Not disclosed,"Bachelors degree in Economics, Finance, Computer Science, Statistics, or related quanti...",5-10 Yrs,"Impala, Python, Hive, Hadoop, IT Skills, Quality Assurance, Machine Learning, Cloud",https://www.naukri.com/job-listings-manager-data-science-visa-inc-mumbai-5-to-10-years-031122501296
10,Business Analyst - Data Science,PayU,Bangalore/Bengaluru,Not disclosed,"A degree in Statistics, Computer Science, Mathematics or other similar quantitative fie...",4-9 Yrs,"Computer science, Wealth management, Lead Business Analyst, Machine learning, Manager Technology, Stakeholder management, Financial services, Analytics",https://www.naukri.com/job-listings-business-analyst-data-science-payu-india-bangalore-bengaluru-4-to-9-years-030622501055
11,Associate Vice President - Data Science - KPO,Huquo Consulting Pvt. Ltd,Gurgaon/Gurugram,Not disclosed,- Expected to work in close collaboration with the Client team and EXL team on establis...,7-12 Yrs,"Data analysis, Operations research, Team management, data science, Analytics, Automation, Data modeling, Analytical",https://www.naukri.com/job-listings-associate-vice-president-data-science-kpo-huquo-consulting-pvt-ltd-gurgaon-gurugram-7-to-12-years-171122909076
12,Consultant/AM/Manager - Deep Learning/NLP - Data Science,PYLON Management Consulting Private Limited,"Kolkata, Mumbai, Hyderabad/Secunderabad, Pune, Chennai, Bangalore/Bengaluru",Not disclosed,Good understanding of how to apply predictive and machine learning techniques like logi...,5-10 Yrs,"Data Science, NLP, Python, SQL, SVM, LSTM, logistic regression, random forest",https://www.naukri.com/job-listings-consultant-am-manager-deep-learning-nlp-data-science-pylon-management-consulting-private-limited-kolkata-mumbai-hyderabad-secunderabad-pune-chennai-bangalore-bengaluru-5-to-10-years-141122908564
13,Consultant - Data Science/Machine Learning Algorithms - KPO,PYLON Management Consulting Private Limited,"Pune, Gurgaon/Gurugram, Bangalore/Bengaluru",Not disclosed,"Having minimum 4+ years of experience Strong programming experience in Python / R, atle...",4-7 Yrs,"Python, NLP, Machine learning, R, IT Skills",https://www.naukri.com/job-listings-consultant-data-science-machine-learning-algorithms-kpo-pylon-management-consulting-private-limited-pune-gurgaon-gurugram-bangalore-bengaluru-4-to-7-years-111122912962
14,Manager - Data Science - Banking & Financial Services,Black Turtle,"Delhi / NCR, Bangalore/Bengaluru",Not disclosed,ONLY FEMALEManager - Data Science - Banking & Financial Services - IIM / ISB/MDI / FMSA...,4-8 Yrs,"Data Scientist, SAS, BFSI, Coding, Data Modeling, Data Analytics, Statistics, Machine Learning",https://www.naukri.com/job-listings-manager-data-science-banking-financial-services-black-turtle-india-pvt-ltd-delhi-ncr-bangalore-bengaluru-4-to-8-years-101122909670
15,Data Science SeniorTechnical Manager,Gcc Services,Bangalore/Bengaluru,Not disclosed,About AB InBevWe are the worlds leading brewer bringing people together for a better wo...,8-13 Yrs,"python, machine learning, data science, Machine Learning Algorithms, Logistic Regression, Regression, numpy, Regression Analysis",https://www.naukri.com/job-listings-data-science-seniortechnical-manager-abinbev-gcc-services-private-limited-bangalore-bengaluru-8-to-13-years-091122909267
16,Data science Manager-Model Risk Control,Paypal,Chennai,Not disclosed,Bachelor s or Master s degree in quantitative science or engineering field (Computer Sc...,5-9 Yrs,"remediation, Data analysis, data science, Risk control, Machine learning, Risk management, Financial services, SQL",https://www.naukri.com/job-listings-data-science-manager-model-risk-control-paypal-holdings-inc-chennai-5-to-9-years-031122500333
17,"Data Science Lead , Sales Analytics",Zscaler Softech,Bangalore/Bengaluru,Not disclosed,6 years of hands on experience in advanced statistical analysis using various techniques,3-6 Yrs,"Interpersonal skills, Sales, Sales operations, data science, Business analytics, Analytical, Silicon, Data analytics",https://www.naukri.com/job-listings-data-science-lead-sales-analytics-cloudneeti-bangalore-bengaluru-3-to-6-years-041122501451
18,"Data Science Lead , Sales Analytics",Zscaler Softech,Bangalore/Bengaluru,Not disclosed,6 years of hands on experience in advanced statistical analysis using various techniques,3-6 Yrs,"Interpersonal skills, Sales, Sales operations, data science, Business analytics, Analytical, Silicon, Data analytics",https://www.naukri.com/job-listings-data-science-lead-sales-analytics-zscaler-inc-bangalore-bengaluru-3-to-6-years-031122501317
19,Data Science & Analytics,V- Konnect Associates,Mumbai,Not disclosed,The role is expected to use analytical tools to identify opportunities to grow overall ...,15-18 Yrs,"advanced analytics, Regulatory reporting, Underwriting, Analytical, Business analytics, Artificial Intelligence, Machine learning, Business strategy",https://www.naukri.com/job-listings-data-science-analytics-v-konnect-associates-mumbai-15-to-18-years-171122500887
20,Data Science Professional,Xitadel Cae Technologies India,Bangalore/Bengaluru,Not disclosed,Applied experience with Deep Learning algorithms such as Convolutional Neural Networks ...,2-6 Yrs,"deep learning, Statistical analysis, data science, Neural networks, Time series analysis, Machine learning, Programming, SQL",https://www.naukri.com/job-listings-data-science-professional-xitadel-cae-technologies-india-private-limited-bangalore-bengaluru-2-to-6-years-071122501850
21,Senior Analyst & AI Lead - Data Science,Huquo Consulting Pvt. Ltd,"Faridabad, Gurgaon/Gurugram, Delhi / NCR",Not disclosed,in Computer scienceInformation Technology ECE or other quantitative disciplines from ti...,10-15 Yrs,"Data Science, LSTM, DNN, Artificial Intelligence, PySpark, Machine Learning, Deep Learning, R",https://www.naukri.com/job-listings-senior-analyst-ai-lead-data-science-huquo-consulting-pvt-ltd-faridabad-gurgaon-gurugram-delhi-ncr-10-to-15-years-071122903801
22,Senior Analyst & AI Lead - Data Science,Huquo Consulting Pvt. Ltd,"Faridabad, Gurgaon/Gurugram, Delhi / NCR",Not disclosed,in Computer scienceInformation Technology ECE or other quantitative disciplines from ti...,2-7 Yrs,"Data Science, Artificial Intelligence, Machine Learning, Cloud Infrastructure, tensor flow, Deep Learning, R, NLP",https://www.naukri.com/job-listings-senior-analyst-ai-lead-data-science-huquo-consulting-pvt-ltd-faridabad-gurgaon-gurugram-delhi-ncr-2-to-7-years-071122902696
23,Senior Manager Data Science,Merck Sharp & Dohme (MSD),Pune,Not disclosed,Experience having deployed models to production is a mustExperience within any of the t...,5-9 Yrs,"CVS, Claims, Machine learning, Javascript, Agile, Oncology, Scrum, Analytics",https://www.naukri.com/job-listings-senior-manager-data-science-msd-pharmaceuticals-private-limited-pune-5-to-9-years-071122502851
24,Consultant / Senior Manager - Analytics / Data Science - IT,Huquo Consulting Pvt. Ltd,"Gurgaon/Gurugram, Bangalore/Bengaluru",Not disclosed,Responsibilities:- Collaborate with client stakeholders to understand and frame busines...,2-7 Yrs,"Analytics, IT Skills, Python, Data Science, Machine Learning, Pytorch, R, NLP",https://www.naukri.com/job-listings-consultant-senior-manager-analytics-data-science-it-huquo-consulting-pvt-ltd-gurgaon-gurugram-bangalore-bengaluru-2-to-7-years-071122908420
25,Senior Quant Researcher - Data Science,Squarepoint Technologies India,remote,Not disclosed,Research statistical techniques such as Machine Learning and NLP to extract value from ...,1-4 Yrs,"Data analysis, Financial markets, data science, Machine learning, Programming, Mathematics, Investment management, Python",https://www.naukri.com/job-listings-senior-quant-researcher-data-science-squarepoint-technologies-india-private-limited-remote-1-to-4-years-071122503093
26,Hiring For Data Science,Absolutdata,"Hybrid - Noida, New Delhi, Faridabad, Gurgaon/Gurugram","15,00,000 - 30,00,000 PA.",Immediate Joiner will be preferred who can join us in the month of November. Role- Data...,6-11 Yrs,"Data Science, Data Scientist, Machine Learning, Deep Learning",https://www.naukri.com/job-listings-hiring-for-data-science-absolutdata-research-analytics-solutions-pvt-lt-noida-new-delhi-faridabad-gurgaon-gurugram-6-to-11-years-141122009337
27,Data Science Lead - Forecasting,Cargill,Bangalore/Bengaluru,Not disclosed,"Own and design statistical model, evaluate differentiating features and deploy forecast...",6-11 Yrs,"Data analysis, data science, Machine learning, Javascript, Supply chain solutions, Workflow, Forecasting, Monitoring",https://www.naukri.com/job-listings-data-science-lead-forecasting-cargill-india-pvt-ltd-bangalore-bengaluru-6-to-11-years-240922500096
28,Data Analyst - Data Science,Altigreen,Bangalore/Bengaluru,Not disclosed,Bachelors in STEM Must have 5+ years experience as Data / Business Analyst Must have 5+...,5-10 Yrs,"Data analysis, Business Analyst, data science, Coding, Data Analyst, AWS, Statistics, SQL",https://www.naukri.com/job-listings-data-analyst-data-science-altigreen-bangalore-bengaluru-5-to-10-years-041022500035
29,Associate Manager Data Science,Merck Sharp & Dohme (MSD),Pune,Not disclosed,This role involves working with our partners in different Therapeutic areas (eg Oncolog...,2-4 Yrs,"CVS, Claims, Machine learning, Javascript, Agile, Oncology, Scrum, Epidemiology",https://www.naukri.com/job-listings-associate-manager-data-science-msd-pharmaceuticals-private-limited-pune-2-to-4-years-031122501291
30,Data Science Engineer,EOK Technologies Info Systems Pvt. Ltd.    ,"Temp. WFH - Hyderabad/Secunderabad, Bangalore/Bengaluru",Not disclosed,Should have a Bachelor / Masters degree in Computer Science or Engineering or Statistic...,3-8 Yrs,"R, Machine Learning, Python, IT Skills, Java, Testing, Data Science, Cloud",https://www.naukri.com/job-listings-data-science-engineer-eok-technologies-info-systems-pvt-ltd-hyderabad-secunderabad-bangalore-bengaluru-3-to-8-years-091122909198
31,Principal Engineer Data Science II AI models II Machine Learning,People Resources    ,Bangalore/Bengaluru,"30,00,000 - 45,00,000 PA.",8+ Years experience in developing AI models,8-13 Yrs,"Data Processing, Machine Learning, database programming, Tableau, Java, processing, Hadoop, ETL",https://www.naukri.com/job-listings-principal-engineer-data-science-ii-ai-models-ii-machine-learning-people-resources-bangalore-bengaluru-8-to-13-years-161122009667
32,Data Science Machine Learning,LIVE CONNECTIONS ,Bangalore/Bengaluru,"11,00,000 - 17,00,000 PA.",Data Science Machine Learning:Bangalore Must be expertise in the areas of Data Analysis...,4-6 Yrs,"Data Science, Data Analysis, Python, Machine Learning, SQL, IT Skills",https://www.naukri.com/job-listings-data-science-machine-learning-live-connections-bangalore-bengaluru-4-to-6-years-141122002440
33,Associate Vice President - Data Science Team - Insurance,Huquo Consulting Pvt. Ltd,"Gurgaon/Gurugram, Delhi / NCR",Not disclosed,A suitable candidate should have 8-10 years of experience in a similar role and should ...,8-13 Yrs,"data science, Associate Vice President, Individual Contributor",https://www.naukri.com/job-listings-associate-vice-president-data-science-team-insurance-huquo-consulting-pvt-ltd-gurgaon-gurugram-delhi-ncr-8-to-13-years-171122908563
34,Data science Manager-Model Risk Control,Xoom Inc,Chennai,Not disclosed,Bachelor s or Master s degree in quantitative science or engineering field (Computer Sc...,2-4 Yrs,"Computer science, remediation, Data analysis, data science, Risk control, Machine learning, Data analytics, Risk management",https://www.naukri.com/job-listings-data-science-manager-model-risk-control-xoom-inc-chennai-2-to-4-years-031122502099
35,Manager Data Science,Mondelez,Remote,Not disclosed,Technical experience in roles in best-in-class analytics practices Experience deploying...,3-7 Yrs,"Data analysis, Usage, Business leadership, data science, Networking, Business analytics, Analytical, Research",https://www.naukri.com/job-listings-manager-data-science-mondel-z-international-remote-3-to-7-years-101122500071
36,Data Science & BI Lead,Talent Et Au-dela,"Mumbai, Pune",Not disclosed,Create a positive experience around change by Implementing and managing change plans in...,9-12 Yrs,"BI Lead, Data analysis, Change management, data science, Process improvement, Analytical, Business intelligence, Stakeholder management",https://www.naukri.com/job-listings-data-science-bi-lead-talent-et-au-dela-mumbai-pune-9-to-12-years-091122501923
37,Data Analyst / Data Science,INFOWEB ,Pune,Not disclosed,We are looking to hire a data analyst to join our data team. You will take responsibili...,0-1 Yrs,"Java, Text Analytics, FRD, Python, SQL, C++, Healthcare Analytics, Use Cases",https://www.naukri.com/job-listings-data-analyst-data-science-infoweb-pune-0-to-1-years-091122007508
38,Data Science Intern,Wow Labz,Bangalore/Bengaluru,Not disclosed,1 years of hands-on experience in using Python based machine learning packages and libr...,0-1 Yrs,"github, data science, Coding, Analytical, Machine learning, Campus recruitment, Flex, Data mining",https://www.naukri.com/job-listings-data-science-intern-wow-labz-bangalore-bengaluru-0-to-1-years-230822500773
39,Data Science Faculty,Greycampus Edutech,Hyderabad/Secunderabad,Not disclosed,Any stream of graduationThe candidate must have extremely high standards with respect t...,2-3 Yrs,"Data Science, Power Bi, Python",https://www.naukri.com/job-listings-data-science-faculty-greycampus-edutech-pvt-ltd-hyderabad-secunderabad-2-to-3-years-111122007609
40,Data Science Consultant,Kanta  Hr Executive  ,"Hyderabad/Secunderabad, Bangalore/Bengaluru","3,00,000 - 8,00,000 PA.","Experience with common data science toolkits, such as R, Weka, NumPy, MatLab, etc Exper...",0-3 Yrs,"Data Science, Machine Learning, Deep Learning, MatLab, NumPy, R, testing, visualisation",https://www.naukri.com/job-listings-data-science-consultant-kanta-hr-executive-hyderabad-secunderabad-bangalore-bengaluru-0-to-3-years-061122001918
41,"Analyst, Business Intelligence & Data Science - P2b",Ciena,Gurgaon/Gurugram,Not disclosed,"Developer â€“ Analyst, Service Business IntelligenceESSENTIAL DUTIES AND RESPONSIBILITIES...",2-5 Yrs,"Business Intelligence, Power BI, Alteryx, Snowflake, Predictive Modelling, interpersonal skills, Looker, Machine Learning",https://www.naukri.com/job-listings-analyst-business-intelligence-data-science-p2b-ciena-india-private-ltd-gurgaon-gurugram-2-to-5-years-211022907022
42,Senior Associate Director - Data Science - IIT/ IIM / NIT / XLRI,Huquo Consulting Pvt. Ltd,Gurgaon/Gurugram,Not disclosed,"Bachelors/ Masters degree in economics, mathematics, actuarial sciences, computer scien...",7-12 Yrs,"Data Science, analytics, Data analysis, Artificial Intelligence, Data Management, Hadoop, Data Modeling, Machine Learning",https://www.naukri.com/job-listings-senior-associate-director-data-science-iit-iim-nit-xlri-huquo-consulting-pvt-ltd-gurgaon-gurugram-7-to-12-years-091122913601
43,Pre Sales-Data Science,Absolutdata,"Hybrid - Noida, Pune, Gurgaon/Gurugram",Not disclosed,Relevant presales experience in a product or service based organization dealing with sa...,6-11 Yrs,"Data Science, Presales",https://www.naukri.com/job-listings-pre-sales-data-science-absolutdata-research-analytics-solutions-pvt-lt-noida-pune-gurgaon-gurugram-6-to-11-years-091122012487
44,Engineering Manager - Data Science,Zeta Inc.,Bangalore/Bengaluru,Not disclosed,Building highly-scalable and secure data infrastructure that is used by multiple teams ...,4-9 Yrs,"Superset, AWS Athena, Presto, Kafka, Spark, Flink, RDBMS, IaaS",https://www.naukri.com/job-listings-engineering-manager-data-science-zeta-inc-bangalore-bengaluru-4-to-9-years-011122501397
45,Data Science Analyst,Search Advisers Services ( GUJ ) Pvt. Ltd.  ,Bangalore/Bengaluru,"25,00,000 - 27,50,000 PA.",Roles and Responsibilities As a HR Decision Science Analyst in the Global People Analyt...,3-8 Yrs,"data science, HR Topics, Modelling, Global People Analytics, AWS, python, data analysis, Artificial Intelligence",https://www.naukri.com/job-listings-data-science-analyst-search-advisers-services-guj-pvt-ltd-bangalore-bengaluru-3-to-8-years-230922601218
46,Senior Manager - Data Science,Xpressbees (BusyBees Logistics Solutions Pvt. Ltd.),"Pune, Bangalore/Bengaluru",Not disclosed,Experience in designing and developing solutions across domains applying advanced machi...,7-12 Yrs,"Data Science, IT Skills, Python, Machine Learning, Artificial Intelligence, Project Management, Big Data, AWS",https://www.naukri.com/job-listings-senior-manager-data-science-xpressbees-busybees-logistics-solutions-pvt-ltd-pune-bangalore-bengaluru-7-to-12-years-221022900234
47,Python Programming Language Data Science Practitioner,Accenture,Bangalore/Bengaluru,Not disclosed,Technical Experience : Experience in DevOps practices for machine learning Experience w...,4-6 Yrs,"Consulting, Machine learning, Javascript, Data processing, Python, learning, Spark, DevOps",https://www.naukri.com/job-listings-python-programming-language-data-science-practitioner-accenture-solutions-pvt-ltd-bangalore-bengaluru-4-to-6-years-311022913480
48,Technical Expert - Industrial Data Science,Siemens,Bangalore/Bengaluru,Not disclosed,"Asthe successful candidate, you will hold an advanced degree in Computer Science, Chemi...",5-10 Yrs,"Operations research, Publishing, Data management, Artificial Intelligence, Machine learning, Research, Data mining, Forecasting",https://www.naukri.com/job-listings-technical-expert-industrial-data-science-siemens-limited-bangalore-bengaluru-5-to-10-years-131022500645
49,ML & AI Engineer - Data Science Practice,Limendo,Bangalore/Bengaluru,Not disclosed,Bachelor s degree in computer science software engineering or information certification...,2-9 Yrs,"IT Skills, Python, Testing, Data Science, Machine Learning, Artificial Intelligence, Big Data, C++",https://www.naukri.com/job-listings-ml-ai-engineer-data-science-practice-limendo-bangalore-bengaluru-2-to-9-years-121022500185
50,Data Science Engineer,Tuebora,Bangalore/Bengaluru,Not disclosed,"Well versed in machine learning, implement production deployed AI use-cases and modelsS...",1-3 Yrs,"analysis, machine learning, NLP, Python, IT Skills, Data analysis, data science",https://www.naukri.com/job-listings-data-science-engineer-tuebora-software-private-limited-bangalore-bengaluru-1-to-3-years-260522502259
51,Analyst - Data Science - Python/Machine Learning/Analytics,Huquo Consulting Pvt. Ltd,Gurgaon/Gurugram,Not disclosed,"BTech, MTech or MCA degree from a reputed university Good power point presentation skil...",4-6 Yrs,"Data Science, data scientists, Logistic Regression, Decision Tree, Linear Regressions, data processing, presentation skills, Random Forests",https://www.naukri.com/job-listings-analyst-data-science-python-machine-learning-analytics-huquo-consulting-pvt-ltd-gurgaon-gurugram-4-to-6-years-091122913757
52,Analyst - Data Science - Python/Machine Learning/Analytics - KPO,Huquo Consulting Pvt. Ltd,Gurgaon/Gurugram,Not disclosed,"BTech, MTech or MCA degree from a reputed university Good power point presentation skil...",4-9 Yrs,"Data Science, python, R, data processing, MySQL, statistical modeling, machine learning, sql",https://www.naukri.com/job-listings-analyst-data-science-python-machine-learning-analytics-kpo-huquo-consulting-pvt-ltd-gurgaon-gurugram-4-to-9-years-091122913480
53,Data Science Analyst,Banyan Cloud,Bangalore/Bengaluru,Not disclosed,"Bachelor /Masters degree from a top-tier institute, ideally in quantitative discipline ...",3-5 Yrs,"Generalized Linear Model, Linear Analysis, Deep Learning, Machine Learning, Hadoop, Modelling, communication, K - Mean",https://www.naukri.com/job-listings-data-science-analyst-banyan-cloud-bangalore-bengaluru-3-to-5-years-190722500518
54,Marketing Analyst - Data Science,Triangle Global,"Noida, Pune, Bangalore/Bengaluru",Not disclosed,"Market Mix modeling ( MMM) , Media Mix, Funnel Analysis , Campaign budget optimization ...",6-7 Yrs,"Marketing analytics, data science, Bfsi, Sales analytics, Sales forecasting, Healthcare, E-commerce, Value analysis",https://www.naukri.com/job-listings-marketing-analyst-data-science-triangle-global-noida-pune-bangalore-bengaluru-6-to-7-years-021122501150
55,Marketing Analyst - Data Science,Triangle Global,"Noida, Pune, Bangalore/Bengaluru",Not disclosed,"Market Mix modeling ( MMM) , Media Mix, Funnel Analysis , Campaign budget optimization ...",12-15 Yrs,"Marketing analytics, data science, Bfsi, Sales analytics, Sales forecasting, Healthcare, E-commerce, Marketing Analyst",https://www.naukri.com/job-listings-marketing-analyst-data-science-triangle-global-noida-pune-bangalore-bengaluru-12-to-15-years-021122501149
56,Associate Vice President - Data Science - KPO,Huquo Consulting Pvt. Ltd,Gurgaon/Gurugram,Not disclosed,Role & Responsibilities Overview :- Expected to work in close collaboration with the Cl...,7-12 Yrs,"Data Science, Data analysis, data modeling, predictive modeling, model development, Python",https://www.naukri.com/job-listings-associate-vice-president-data-science-kpo-huquo-consulting-pvt-ltd-gurgaon-gurugram-7-to-12-years-071122904641
57,Manager Data Science,Tredence,"Chennai, Gurgaon/Gurugram, Bangalore/Bengaluru",Not disclosed,"Graduate degree in a quantitative field (CS, statistics, applied mathematics, machine l...",7-14 Yrs,"Data analysis, Data management, Machine learning, Workflow, Predictive modeling, Test cases, data visualization, Data mining",https://www.naukri.com/job-listings-manager-data-science-tredence-analytics-solutions-private-limited-chennai-gurgaon-gurugram-bangalore-bengaluru-7-to-14-years-270922501592
58,Data Science Lead,Koch Industries,Bangalore/Bengaluru,Not disclosed,A successful candidate will bring advanced knowledge of best-in-class data science meth...,4-7 Yrs,"BPO, data analysis, Supply chain, data science, SAS, Consulting, Machine learning, Data analytics",https://www.naukri.com/job-listings-data-science-lead-koch-technology-center-bangalore-bengaluru-4-to-7-years-291022500391
59,"Senior Scientist, Data Science & Digital",Novartis,Hyderabad/Secunderabad,Not disclosed,"Deploy state of the art in-silico tools in statistical modelling, predictive analytics,...",3-12 Yrs,"Automation, Data analysis, Simulation, Analytical, Formulation, Machine learning, Healthcare, HSE",https://www.naukri.com/job-listings-senior-scientist-data-science-digital-novartis-healthcare-pvt-ltd-hyderabad-secunderabad-3-to-12-years-300822501762
60,Senior Analyst-Data Science,Accenture,Gurgaon/Gurugram,Not disclosed,Skill required: Data Science - Machine Learning Designation: Senior Analyst Job Locatio...,5-8 Yrs,"Publishing, Artificial Intelligence, Consulting, Machine learning, Analytics, IT Skills, Data Science, Cloud",https://www.naukri.com/job-listings-senior-analyst-data-science-accenture-solutions-pvt-ltd-gurgaon-gurugram-5-to-8-years-311022912969
61,Senior Analyst-Data Science,Accenture,Mumbai,Not disclosed,Skill required: Data Science - Python Programming Language Designation: Senior Analyst ...,5-8 Yrs,"Publishing, Artificial Intelligence, Consulting, Analytics, Python, IT Skills, Data Science, Cloud",https://www.naukri.com/job-listings-senior-analyst-data-science-accenture-solutions-pvt-ltd-mumbai-5-to-8-years-311022901480
62,MNC hiring For Data scientist/ Data science professional,LIVE CONNECTIONS PLACEMENTS PRIVATE LIMITED ,"Hyderabad/Secunderabad, Pune, Gurgaon/Gurugram, Chennai, Bangalore/Bengaluru, Mumbai (All Areas)","19,00,000 - 25,00,000 PA.","Masters degree required in Applied Mathematics, Computer Science/Informatics/Statistics...",10-12 Yrs,"Machine Learning, R Program, artificial intelligence, R Programming, natural language processing, IT Skills, Data Science",https://www.naukri.com/job-listings-mnc-hiring-for-data-scientist-data-science-professional-live-connections-placements-private-limited-hyderabad-secunderabad-pune-gurgaon-gurugram-chennai-bangalore-bengaluru-mumbai-all-areas-10-to-12-years-091122006502
63,Data Science Lead / Manager with UK based eCommerce Company,Contrado,Ahmedabad,Not disclosed,See detailed JD : https://www.contrado.co.uk/data-science-manager -*-*-*-*-*-*-*-*-*-- ...,5-10 Yrs,"Machine Learning, SQL, Python, data analytics, IT Skills, Data Engineering, Power Bi, Artificial Intelligence",https://www.naukri.com/job-listings-data-science-lead-manager-with-uk-based-ecommerce-company-contrado-imaging-india-pvt-ltd-ahmedabad-5-to-10-years-111122009336
64,Data Science Consultant - Part Time,Intechhub Solutions,Permanent Remote,Not disclosed,The ideal candidate should be proficient at using large data sets to find opportunities...,5-10 Yrs,"Pattern Recognition, Data Visualisation, data science, Artificial Intelligence, machine learning, deep learning, predictive modeling",https://www.naukri.com/job-listings-data-science-consultant-part-time-intechhub-solutions-salem-5-to-10-years-081122008367
65,Immediate Joiner || Data Science L1@  Noida/Gurgaon,Xceedance,"Hybrid - Noida, Faridabad, Gurgaon/Gurugram","9,50,000 - 13,00,000 PA.",Qualifications Engineering Graduate or MCAKey Requirement for the Position :Experienced...,2-5 Yrs,"Data Science, Python, SQL, VBA, IT Skills, .Net, nlp, computer vision",https://www.naukri.com/job-listings-immediate-joiner-data-science-l1-noida-gurgaon-xceedance-consulting-india-pvt-ltd-noida-faridabad-gurgaon-gurugram-2-to-5-years-101122011406
66,Cluster Manager - Data Science,Pharmaace Analytics,Pune,Not disclosed,Minimum 4 years of pharma / life science consulting job experience Graduate or Postgrad...,4-5 Yrs,"Logistic regression, Claims, Project management, Analytical, Pharma, Consulting, Life sciences, Data quality",https://www.naukri.com/job-listings-cluster-manager-data-science-pharmaace-pune-4-to-5-years-091122501009
67,"Assistant Manager, Data Science",GXO Logistics,Mumbai,Not disclosed,Strong technical and Management experience Bachelor s degree in Engineering 2 years of ...,2-12 Yrs,"GIS, data science, Hadoop, Supply chain solutions, Manager Technology, Management, Pentaho, Analytics",https://www.naukri.com/job-listings-assistant-manager-data-science-gxo-logistics-mumbai-2-to-12-years-091122500501
68,Manager - Data Science,TransOrg Analytics,"Mumbai, Gurgaon/Gurugram",Not disclosed,Lead multiple analytics engagements and responsible for delivering the analytics soluti...,5-9 Yrs,"Data Science, Big Data, Statistical Modeling, Data Visualization, Data Analytics, Machine Learning, Statistics, Analytics",https://www.naukri.com/job-listings-manager-data-science-transorg-analytics-mumbai-gurgaon-gurugram-5-to-9-years-041122913557
69,Data Science -AI-ML Trainer,D. M. Net Technologies,Ahmedabad,"3,00,000 - 6,00,000 PA.","Candidate has to provide the training on Python , Python Data Analytics , NumPy , Panda...",1-5 Yrs,"Data Science, Matplotlib, Python Data Analytics, Machine Learning, Python, NLP, Artificial Intelligence, Pandas",https://www.naukri.com/job-listings-data-science-ai-ml-trainer-d-m-net-technologies-ahmedabad-1-to-5-years-181122008454
70,Data Science - Associate,Merilytics,Hybrid - Hyderabad/Secunderabad,Not disclosed,"4 years of experience in applying concepts in Data Science, Machine Learning, Algorithm...",2-6 Yrs,"data science, deep learning, nlp, neural networks, statistical modeling, Spark, machine learning, Random Forest",https://www.naukri.com/job-listings-data-science-associate-meritus-intelytics-private-limited-hyderabad-secunderabad-2-to-6-years-091122012329
71,Associate - Data Science,Themathcompany,Bangalore/Bengaluru,Not disclosed,Experience or certifications with visualization tools (Tableau / Qlik/PowerBI etc) Bach...,2-5 Yrs,"Software development methodologies, SAS, data science, Analytical, Machine learning, Agile, SPSS, big data",https://www.naukri.com/job-listings-associate-data-science-themathcompany-bangalore-bengaluru-2-to-5-years-181022501746
72,Senior Specialist Data Science,Dr Reddys,Hyderabad/Secunderabad,Not disclosed,To study and assess the organization business users skill gaps. Along with the Analytic...,2-5 Yrs,"advanced analytics, Data analysis, Channel marketing, data science, Digital sales, Doctor, Management, Monitoring",https://www.naukri.com/job-listings-senior-specialist-data-science-dr-reddys-laboratories-ltd-hyderabad-secunderabad-2-to-5-years-100622500227
73,"Senior Analyst, Data Science & Analytics",Transunion,Pune,Not disclosed,"Bachelors (4 year) degree in statistics, applied mathematics, financial mathematics, en...",5-8 Yrs,"IT Skills, Python, Machine Learning, Cloud, Project Management, Big Data, Tableau, Operations research",https://www.naukri.com/job-listings-senior-analyst-data-science-analytics-transunion-software-services-pvt-ltd-pune-5-to-8-years-071022500378
74,Senior Research Scientist - Data Science (Chemistry),Syngenta,goa,Not disclosed,Company DescriptionSyngenta is one of the worlds leading agriculture innovation company...,3-8 Yrs,"Chemistry, sql, Python, Chemical Analysis, Analytics",https://www.naukri.com/job-listings-senior-research-scientist-data-science-chemistry-syngenta-india-limited-goa-3-to-8-years-021122006500
75,AI & Data Science Senior Engineer,Wasoko,Bangalore/Bengaluru,Not disclosed,"You should be self-driven and motivated with the desire to work in a fast-paced, result...",2-5 Yrs,"Mining, Machine learning, Agile, Data structures, System design, Open source, SQL, Python",https://www.naukri.com/job-listings-ai-data-science-senior-engineer-wasoko-bangalore-bengaluru-2-to-5-years-280922501776
76,Senior Vice President - Analytics - Data Science Team - IIT / IIM,Huquo Consulting Pvt. Ltd,Gurgaon/Gurugram,Not disclosed,"Bachelors / Masters degree in economics, mathematics, actuarial sciences, computer scie...",8-13 Yrs,"Analytics, Data Science, Artificial Intelligence, Data Management, Hadoop, Machine Learning, Python, SQL",https://www.naukri.com/job-listings-senior-vice-president-analytics-data-science-team-iit-iim-huquo-consulting-pvt-ltd-gurgaon-gurugram-8-to-13-years-091122913597
77,SR. Manager - Data Science- Life Insurance - Mumbai,HiringHawk.com,Mumbai (All Areas),Not disclosed,"Collaborate with key business, technology & operations departments to identify the most...",9-12 Yrs,"Power BI, Tableau, life insurance, Python, SQL",https://www.naukri.com/job-listings-sr-manager-data-science-life-insurance-mumbai-hiringhawk-com-mumbai-all-areas-9-to-12-years-171122008694
78,Senior Director & Head-Data Science & Analytics,Vertex Corporate Services,"Pune, Chennai, Bangalore/Bengaluru",Not disclosed,"Requirements: - Bachelor s/ Masters degree in statistics, applied mathematics, financia...",20-25 Yrs,"Data Science, Java, Hive, C++, Spark, Python, SQL",https://www.naukri.com/job-listings-senior-director-head-data-science-analytics-vertex-corporate-services-pune-chennai-bangalore-bengaluru-20-to-25-years-261022909197
79,Senior Business Executive - Data Science,dentsu international,Bangalore/Bengaluru,Not disclosed,"Builds audiences for use in insights, plans and potentially direct activation Compiles ...",1-3 Yrs,"Usage, data science, Research, Senior Business Executive",https://www.naukri.com/job-listings-senior-business-executive-data-science-dentsu-international-bangalore-bengaluru-1-to-3-years-190922500375
80,Sr. Manager Data Science,Paypal,Chennai,Not disclosed,This person will be an exceptional problem solver with a passion for data insights and ...,7-10 Yrs,"Mining, Computer science, Statistical programming, Data analysis, Analytical, Instrumentation, QlikView, Teradata",https://www.naukri.com/job-listings-sr-manager-data-science-paypal-holdings-inc-chennai-7-to-10-years-071022502147
81,Senior Manager - Data Science,Tredence,"Chennai, Gurgaon/Gurugram, Bangalore/Bengaluru",Not disclosed,Solve some of the most impactful business problems for our clients. Lead multiple teams...,5-8 Yrs,"Data management, data science, GCP, Machine learning, Natural language processing, Data analytics, data visualization, Data mining",https://www.naukri.com/job-listings-senior-manager-data-science-tredence-analytics-solutions-private-limited-chennai-gurgaon-gurugram-bangalore-bengaluru-5-to-8-years-270922501604
82,ACN - Applied Intelligence - CC - Data Science (IN) - 06,Accenture,Gurgaon/Gurugram,Not disclosed,Requirements: Responsible for taking up day-to-day activities for making deliverables t...,8-12 Yrs,"Data analysis, Analytical, Consulting, Analytics, Python, oral communication, Tableau, Azure",https://www.naukri.com/job-listings-acn-applied-intelligence-cc-data-science-in-06-accenture-solutions-pvt-ltd-gurgaon-gurugram-8-to-12-years-311022901936
83,Data Science Analyst (With Python Coding background),Ophir Solutions  ,"Mumbai, Mumbai Suburban, Mumbai (All Areas)",Not disclosed,"Collecting large amounts of data using analytical, statistical, and programmable skills...",1-5 Yrs,"data science, data analyst, python coding, statistical data, Data Wrangling, Python Data, Data Visualization, Data Analytics",https://www.naukri.com/job-listings-data-science-analyst-with-python-coding-background-ophir-solutions-mumbai-mumbai-suburban-mumbai-all-areas-1-to-5-years-081122009184
84,Data Science Analyst (From FMCG Ind.)and Sales Coordinator,H K Jewels,Mumbai,"3,00,000 - 3,50,000 PA.",Roles and Responsibilities Urgently Required Senior Data Science Analyst for Kisna Real...,3-5 Yrs,"SAP, Data Management, Data Analysis, Data Analytics, Predictive Analytics, Data Mining, Market Research",https://www.naukri.com/job-listings-data-science-analyst-from-fmcg-ind-and-sales-coordinator-h-k-jewels-pvt-ltd-mumbai-3-to-5-years-280922602232
85,Data Science/Analyst,Myfuturejob,New Delhi,Not disclosed,Proficient in debugging software using Python IDE Proficient in usage of all Data Analy...,2-5 Yrs,"Computer science, Data analysis, Usage, Debugging, System programming, Data collection, Hypothesis Testing, hr solutions",https://www.naukri.com/job-listings-data-science-analyst-myfuturejob-new-delhi-2-to-5-years-111022502680
86,"Analyst, Data Science & Analytics",Transunion,Pune,Not disclosed,Ability to work under minimum supervision,4-7 Yrs,"SQL, communication, IT Skills, Data Science, Data analysis, Analytical, Data Analyst, Automation Analyst",https://www.naukri.com/job-listings-analyst-data-science-analytics-transunion-software-services-pvt-ltd-pune-4-to-7-years-100922500314
87,Data Science/Data Analyst,Findoc Finvest,Gurgaon/Gurugram,Not disclosed,4 -7 Years of experience creating and using advanced machine learning algorithms and st...,4-7 Yrs,"Text mining, Google Analytics, Simulation, Coding, Neural networks, Network analysis, Machine learning, Javascript",https://www.naukri.com/job-listings-data-science-data-analyst-findoc-finvest-private-limited-gurgaon-gurugram-4-to-7-years-130122500318
88,Data Science Professional,Successr Hr Tech Pvt Ltd,Temp. WFH - Bangalore/Bengaluru,Not disclosed,{List education level or certification you require}}Experience with common data science...,4-8 Yrs,"Data Science, Hive, SQL, Data Integrity, Verifying Data, Data Analysis, Data Mining, Data Visualization",https://www.naukri.com/job-listings-data-science-professional-successr-hr-tech-pvt-ltd-bangalore-bengaluru-4-to-8-years-261022912195
89,Data Science - Contract To Hire,Successr Hr Tech Pvt Ltd,Temp. WFH - Bangalore/Bengaluru,Not disclosed,{List education level or certification you require}}Experience with common data science...,4-8 Yrs,"MatLab, data analysis, data mining, Nosql db, query languages such as SQL, machine learning techniques, cleansing, data science toolkits",https://www.naukri.com/job-listings-data-science-contract-to-hire-successr-hr-tech-pvt-ltd-bangalore-bengaluru-4-to-8-years-261022910569
90,Data Scientist Lead (Bangalore) For Life Sciences company,LYKORA CONSULTING SERVICES PRIVATE LIMITED ,Bangalore/Bengaluru(Electronics City Phase 1),"8,00,000 - 18,00,000 PA.","Develop data science solutions across life sciences including analytical offerings, emb...",3-8 Yrs,"Data Science, Artificial Intelligence, data scientist, Machine Learning",https://www.naukri.com/job-listings-data-scientist-lead-bangalore-for-life-sciences-company-lykora-consulting-services-private-limited-bangalore-bengaluru-3-to-8-years-111122005288
91,Data Science Engineer - Machine/Deep Learning Models - R/Python/Scala,CarbyneTech India,Hyderabad/Secunderabad,Not disclosed,- Experience in research and development. Conference papers at reputed AI/ML platforms ...,4-8 Yrs,"Machine Learning, Data Science, Tensorflow, R, Artificial Intelligence, Scala, Time Series Forecasting, Big Data",https://www.naukri.com/job-listings-data-science-engineer-machine-deep-learning-models-r-python-scala-carbynetech-india-hyderabad-secunderabad-4-to-8-years-091122915753
92,Principal Data Science Engineer,Sabre,Bangalore/Bengaluru,Not disclosed,"Experience developing customer choice models, price elasticity estimation and market po...",10-20 Yrs,"Order management, C++, data science, Data modeling, Javascript, Perl, Data mining, Information technology",https://www.naukri.com/job-listings-principal-data-science-engineer-sabre-holdings-bangalore-bengaluru-10-to-20-years-140922501314
93,Senior Data Science Manager,Inspire Careers ,Chennai,Not disclosed,5 years of experience in delivering scalable machine learning-based solutions in a big ...,5-10 Yrs,"Data analysis, data science, Debugging, Machine learning, Conceptualization, Continuous improvement, Monitoring, SQL",https://www.naukri.com/job-listings-senior-data-science-manager-inspire-careers-chennai-5-to-10-years-220922501871
94,Assistant Manager/Manager - Data Science/Data Scientist - BFSI/KPO,Pylon Management Consulting Pvt Ltd ,"Hybrid - Bangalore/Bengaluru, Delhi / NCR, Mumbai (All Areas)",Not disclosed,"Individual in this role is expected to work with multiple stakeholders and teams, have ...",2-7 Yrs,"machine learning, Algorithm Development, Logistic Regression, Artificial Intelligence, Data Structures, Natural Language Processing, Neural Networks, Deep Learning",https://www.naukri.com/job-listings-assistant-manager-manager-data-science-data-scientist-bfsi-kpo-pylon-management-consulting-pvt-ltd-bangalore-bengaluru-delhi-ncr-mumbai-all-areas-2-to-7-years-211022004687
95,Associate Vice President - Data Science Team - Insurance,Huquo Consulting Pvt. Ltd,"Gurgaon/Gurugram, Delhi / NCR",Not disclosed,A suitable candidate should have 8-10 years of experience in a similar role and should ...,8-13 Yrs,"Data Science, Data Engineering, Data Analytics",https://www.naukri.com/job-listings-associate-vice-president-data-science-team-insurance-huquo-consulting-pvt-ltd-gurgaon-gurugram-delhi-ncr-8-to-13-years-081122900207
96,Delivery Manager Data Science and Advance Analytics Consultant,PlaceMinds Consulting Pvt. Ltd,"Mumbai, Pune",Not disclosed,"Domain understanding of preferably two verticals amongst Retail, Cable, and Technology ...",10-14 Yrs,"Analytics, Solution design, storytelling, client engagement, consulting, SaaS, data engineering, lead strategist",https://www.naukri.com/job-listings-delivery-manager-data-science-and-advance-analytics-consultant-placeminds-consulting-pvt-ltd-mumbai-pune-10-to-14-years-071122910423
97,Manager - Data Science - IT,Zorba Consulting India Pvt. Ltd.,"Mumbai, Navi Mumbai",Not disclosed,Note - The person must be available to start within 4 weeks Should be able to handle a ...,5-10 Yrs,"Data Science, Predictive Modeling, Machine Learning, management, SQL queries, ETL, R, Python",https://www.naukri.com/job-listings-manager-data-science-it-zorba-consulting-india-pvt-ltd-mumbai-navi-mumbai-5-to-10-years-031122905525
98,Manager - Data Science - Insurance Analytics,Huquo Consulting Pvt. Ltd,Gurgaon/Gurugram,Not disclosed,"Bachelors / Masters degree in economics, mathematics, computer science / engineering, o...",5-9 Yrs,"Power BI, SAS, problem solving, Tableau, SQL, communication skills",https://www.naukri.com/job-listings-manager-data-science-insurance-analytics-huquo-consulting-pvt-ltd-gurgaon-gurugram-5-to-9-years-091122913418
99,Lead - Analytics & Data Science,Cadenz.ai,Bangalore/Bengaluru,Not disclosed,"The Data Science Team in TDT is expected to build fitting analytics, BI and ML solution...",15-20 Yrs,"IT Skills, Python, Data Science, Machine Learning, Cloud, Big Data, AWS, deep learning",https://www.naukri.com/job-listings-lead-analytics-data-science-cadenz-ai-bangalore-bengaluru-15-to-20-years-080822500135
100,Data Science,Virtuous Transactional Analytics,"Noida, Bangalore/Bengaluru",Not disclosed,Masters degree is a plus4 yrs experience as a Machine Learning Engineer or similar role,2-4 Yrs,"Computer science, Statistical analysis, Application management, data science, Consulting, Machine learning, Healthcare, healthcare analytics",https://www.naukri.com/job-listings-data-science-virtuous-transactional-analytics-pvt-ltd-noida-bangalore-bengaluru-2-to-4-years-150722501271
101,Data Science Manager,Innominds Software Pvt Ltd,"Hyderabad/Secunderabad, Pune, Bangalore/Bengaluru",Not disclosed,Experience across a range of algorithms and methods in data preparation and analysis Ed...,10-20 Yrs,"Python, SparkML, H2O, analytics, FlinkML, R, Learning, Theano",https://www.naukri.com/job-listings-data-science-manager-innominds-software-pvt-ltd-hyderabad-secunderabad-pune-bangalore-bengaluru-10-to-20-years-190922501638
102,Technical Manager - Data Sciences,Trane Technologies,Bangalore/Bengaluru,Not disclosed,"Bachelors Degree in Engineering (preferably in mechanical discipline) In this role, you...",3-7 Yrs,"IT Skills, Python, Data Science, Machine Learning, Tableau, HVAC, Time series analysis, Formulation",https://www.naukri.com/job-listings-technical-manager-data-sciences-trane-technologies-bangalore-bengaluru-3-to-7-years-080922501409
103,Manager Data Science,Tredence,"Chennai, Gurgaon/Gurugram, Bangalore/Bengaluru",Not disclosed,"Bachelors /Masters /PhD degree in a quantitative field (CS, Machine learning, Mathemati...",6-10 Yrs,"Cloud computing, Computer vision, Data management, Simulation, Analytical, Consulting, Machine learning, Data mining",https://www.naukri.com/job-listings-manager-data-science-tredence-analytics-solutions-private-limited-chennai-gurgaon-gurugram-bangalore-bengaluru-6-to-10-years-280922501550
104,MACHINE LEARNING / DATA SCIENCE TRAINER,Ethnotech Academy,Bangalore/Bengaluru,Not disclosed,"Data Science, Machine Learning, Python, Training, Trainer, Tableau, Deep learning, NLP,...",2-5 Yrs,"Training, deep learning, tableau, data science, Coding, Analytical, Machine learning, Subject Matter Expert",https://www.naukri.com/job-listings-machine-learning-data-science-trainer-ethnotech-academy-bangalore-bengaluru-2-to-5-years-270922500482
105,Data Science- AI Product,Spectral Consultants,Bangalore/Bengaluru,Not disclosed,Bachelors with 3-7 yrs Masters degree with 5-7 yrs,3-7 Yrs,"Version control, GIT, data science, spark, Conceptualization, Design development, Deployment, Product design",https://www.naukri.com/job-listings-data-science-ai-product-spectral-consultants-bangalore-bengaluru-3-to-7-years-130922500951
106,Data Science,Cognizer India Private Limited ,Bangalore/Bengaluru,Not disclosed,"Strong in problem solving, algorithms and data structures Proficient in Python Hands on...",2-4 Yrs,"Python, Machine learning, GCP, Natural Language Processing, structures, Deep Learning Model, Deep learning, AWS",https://www.naukri.com/job-listings-data-science-cognizer-india-private-limited-bangalore-bengaluru-2-to-4-years-080922501421
107,Data Science Manager,Seven Consultancy (HR Solution),Bangalore/Bengaluru,Not disclosed,Be able to take the initiative and work with minimum guidance and requirementsMust have...,5-10 Yrs,"data science, big data analytics, Workflow management, Consulting, Machine learning, Infrastructure, Programming, Data structures",https://www.naukri.com/job-listings-data-science-manager-seven-consultancy-hr-solution-bangalore-bengaluru-5-to-10-years-280322501503
108,Senior Analyst & AI Lead - Data Science,Huquo Consulting Pvt. Ltd,"Faridabad, Gurgaon/Gurugram, Delhi / NCR",Not disclosed,in Computer scienceInformation Technology ECE or other quantitative disciplines from ti...,2-7 Yrs,"Python, IT Skills, Testing, Data Science, Machine Learning, Cloud, Project Management, AWS",https://www.naukri.com/job-listings-senior-analyst-ai-lead-data-science-huquo-consulting-pvt-ltd-faridabad-gurgaon-gurugram-delhi-ncr-2-to-7-years-221022900516
109,Senior Analyst - Data Science - IIT/NIT/IIM/XLRI/FMS,Huquo Consulting Pvt. Ltd,Gurgaon/Gurugram,Not disclosed,"Must have strong capabilities in problem solving, managing own work diligently, thoroug...",2-5 Yrs,"Data Science, analysis, Python, Tableau, written, SAS, R Shiny, verbal communications",https://www.naukri.com/job-listings-senior-analyst-data-science-iit-nit-iim-xlri-fms-huquo-consulting-pvt-ltd-gurgaon-gurugram-2-to-5-years-011122908687
110,Senior Analyst & AI Lead - Data Science,Huquo Consulting Pvt. Ltd,"Faridabad, Gurgaon/Gurugram",Not disclosed,in Computer scienceInformation Technology ECE or other quantitative disciplines from ti...,2-7 Yrs,"Artificial Intelligence, IT Skills, Python, Testing, Data Science, Machine Learning, Cloud, Project Management",https://www.naukri.com/job-listings-senior-analyst-ai-lead-data-science-huquo-consulting-pvt-ltd-faridabad-gurgaon-gurugram-2-to-7-years-011122908174
111,Senior Analyst - Data Science - IIT/NIT/IIM/XLRI/FMS,Huquo Consulting Pvt. Ltd,Gurgaon/Gurugram,Not disclosed,"Must have strong capabilities in problem solving, managing own work diligently, thoroug...",2-5 Yrs,"Data Science, Python, Tableau, R, R Shiny, analysis, written, SQL",https://www.naukri.com/job-listings-senior-analyst-data-science-iit-nit-iim-xlri-fms-huquo-consulting-pvt-ltd-gurgaon-gurugram-2-to-5-years-011122905824
112,Senior Analyst - Data Science,Huquo Consulting Pvt. Ltd,Gurgaon/Gurugram,Not disclosed,"Must have strong capabilities in problem solving, managing own work diligently, thoroug...",2-5 Yrs,"Data Science, IT Skills, Python, Machine Learning, Tableau, SAS, Statistics, Analytics",https://www.naukri.com/job-listings-senior-analyst-data-science-huquo-consulting-pvt-ltd-gurgaon-gurugram-2-to-5-years-011122908002
113,Data Scientist - Team AI Science,CROPIN TECHNOLOGY SOLUTIONS,Bangalore/Bengaluru,Not disclosed,The team is looking for a Data Scientist who is passionate about solving problems in Sa...,3-6 Yrs,"Cloud computing, Prototype, Version control, Image processing, Machine learning, Principal, Remote sensing, Python",https://www.naukri.com/job-listings-data-scientist-team-ai-science-cropin-technology-solutions-pvt-ltd-bangalore-bengaluru-3-to-6-years-170922500272
114,Data Scientist - Data Science,Bristlecone,Mumbai,Not disclosed,"SKILLS SETB Tech or MSc in Computer Science, Data Science, Machine Learning or in relat...",2-5 Yrs,"PIL, computer vision, ReSNT, NumPy, scikitimage, seaborn, Object Oriented Programing, OpenCV",https://www.naukri.com/job-listings-data-scientist-data-science-bristlecone-mumbai-2-to-5-years-180722502078
115,Data Scientist - Data Science,Bristlecone,Mumbai,Not disclosed,"Good knowledge experience in Artificial Neural Network ANN, AI conversational Chatbot N...",3-6 Yrs,"CNN, Natural Language Processing, Network ANN, Artificial Neural, Keras, SAS, Pytorch, R",https://www.naukri.com/job-listings-data-scientist-data-science-bristlecone-mumbai-3-to-6-years-180722502076
116,Associate Scientist- Data Science,AXA Technology Services India,Gurgaon/Gurugram,Not disclosed,"DISCOVER your opportunity What will your essential responsibilities include Build, vali...",3-7 Yrs,"data science, Underwriting, Finance, Machine learning, Agile, Manager Technology, Actuarial, Natural language processing",https://www.naukri.com/job-listings-associate-scientist-data-science-axa-technology-services-india-pvt-ltd-gurgaon-gurugram-3-to-7-years-060522501273
117,Junior Software Engineer - Data Science,LogiNext,Mumbai,Not disclosed,"Bachelors degree or higher in Computer Science, Information Technology, Information Sys...",0-1 Yrs,"Java, SaaS, Python, data mining, Tableau, C++, Hadoop, Analytical",https://www.naukri.com/job-listings-junior-software-engineer-data-science-loginext-solutions-mumbai-0-to-1-years-140922502287
118,Cluster Manager - Data Science/Senior Cluster Manager,BAJAJ FINSERVE,Pune,Not disclosed,Translate business questions into clear and solvable data science problems Maximize val...,5-10 Yrs,"SAS, Coding, Machine learning, Agile, System design, Perl, Open source, Distribution system",https://www.naukri.com/job-listings-cluster-manager-data-science-senior-cluster-manager-bajaj-finserv-ltd-pune-5-to-10-years-200822500627
119,Senior Manager - Advanced Analytics & Data Science,Merck Sharp & Dohme (MSD),Pune,Not disclosed,"Proven delivery experience of cloud / platform-based analytics ( AWS Sagemaker, Azure M...",7-9 Yrs,"SAS, Coding, Project management, Business analytics, Analytical, Life sciences, Business intelligence, Forecasting",https://www.naukri.com/job-listings-senior-manager-advanced-analytics-data-science-msd-pharmaceuticals-private-limited-pune-7-to-9-years-311022501013
120,Senior Software Engineer - Data Science,LogiNext,Mumbai,Not disclosed,Analysis - Should be able to perform Exploratory Data Analysis and get actionable insig...,4-7 Yrs,"IT Skills, Java, Python, Testing, Machine Learning, Cloud computing, Data analysis, Team management",https://www.naukri.com/job-listings-senior-software-engineer-data-science-loginext-solutions-mumbai-4-to-7-years-140922502289
121,Internship Coursework Program -  Machine Learning and Data Science,Gilbert Research Center,Permanent Remote,"6,50,000 - 10,00,000 PA.",The 1-months online internship program is offered by leading scientists of Gilbert Rese...,0-1 Yrs,"Pandas, Programming, C Programming Language, Numpy, Python, deep learning, C++, data science",https://www.naukri.com/job-listings-internship-coursework-program-machine-learning-and-data-science-gilbert-research-center-coimbatore-0-to-1-years-311022015047
122,"Principal, Quantitative Analytics and Data Science",Gartner India Research &amp; Advisory Services Pvt Ltd,Gurgaon/Gurugram,Not disclosed,Experience in handling unstructured data and application of data science and machine le...,5-7 Yrs,"Procurement, Computer science, Data analysis, Analytical, Data collection, SPSS, Econometrics, Analytics",https://www.naukri.com/job-listings-principal-quantitative-analytics-and-data-science-gartner-india-research-amp-advisory-services-pvt-ltd-gurgaon-gurugram-5-to-7-years-020622500667
123,Consultant/Senior Manager - Analytics/Data Science - IT,Huquo Consulting Pvt. Ltd,"Delhi / NCR, Bangalore/Bengaluru",Not disclosed,Analytics Consultant/ Senior Manager- Data ScienceResponsibilities:- Collaborate with c...,3-8 Yrs,"Data Science, Data Analytics, Analytics, Spark NLP, Management consulting, R, Python, Machine Learning",https://www.naukri.com/job-listings-consultant-senior-manager-analytics-data-science-it-huquo-consulting-pvt-ltd-delhi-ncr-bangalore-bengaluru-3-to-8-years-011122908172
124,Consultant/Senior Manager - Analytics/Data Science - IT,Huquo Consulting Pvt. Ltd,"Gurgaon/Gurugram, Bangalore/Bengaluru",Not disclosed,Analytics Consultant/ Senior Manager- Data ScienceResponsibilities:- Collaborate with c...,3-8 Yrs,"Pytorch, SpaCity, Scikit Learn, Management consulting, Scikit - Learn, Spark NLP, Machine Learning, NLP",https://www.naukri.com/job-listings-consultant-senior-manager-analytics-data-science-it-huquo-consulting-pvt-ltd-gurgaon-gurugram-bangalore-bengaluru-3-to-8-years-011122909256
125,Sr. Manager Data Science,Xoom Inc,Chennai,Not disclosed,Your way to impact : You believe in data-driven decisions and use data to answer busine...,8-9 Yrs,"Mining, Computer science, Statistical programming, Data analysis, Analytical, Instrumentation, QlikView, Teradata",https://www.naukri.com/job-listings-sr-manager-data-science-xoom-inc-chennai-8-to-9-years-071022500169
126,Lead Data Science Analyst - Python/ Spark,Huquo Consulting Pvt. Ltd,Gurgaon/Gurugram,Not disclosed,Qualifications - B Tech or MTech Preferred - Knowledge of Insurance industry At least 2...,6-10 Yrs,"data science, Spark, Python, IT Skills, Machine Learning, NLP, Data Management, Neural Networks",https://www.naukri.com/job-listings-lead-data-science-analyst-python-spark-huquo-consulting-pvt-ltd-gurgaon-gurugram-6-to-10-years-011122908749
127,Business Analyst - Data Science,Huquo Consulting Pvt. Ltd,Gurgaon/Gurugram,Not disclosed,Requirement Gathering Traceability understanding in Data Science work Systems Gap Analy...,4-6 Yrs,"Data Science, Project Management, Gap Analysis, IT Skills, Testing, requirement gathering, brd, fsd",https://www.naukri.com/job-listings-business-analyst-data-science-huquo-consulting-pvt-ltd-gurgaon-gurugram-4-to-6-years-011122907697
128,Data Analyst/ Data Science,Anlage Infotech (I) Pvt. Ltd.   ,"Mumbai, Hyderabad/Secunderabad","16,00,000 - 18,00,000 PA.","Institute by manipulating and interpreting data, identifying trends and suggestingKnowl...",3-5 Yrs,"data science, Tableau, python, Data Analysis, SPSS",https://www.naukri.com/job-listings-data-analyst-data-science-anlage-infotech-i-pvt-ltd-mumbai-hyderabad-secunderabad-3-to-5-years-281022011414
129,ACN - Applied Intelligence - CC - Data Science (IN) - 09,Accenture,Gurgaon/Gurugram,Not disclosed,"6 years of data science experience using statistics, machine learning, or forecasting E...",2-6 Yrs,"Consulting, Application development, Analytics, SQL, Python, Supply chain management, Version control, Machine learning",https://www.naukri.com/job-listings-acn-applied-intelligence-cc-data-science-in-09-accenture-solutions-pvt-ltd-gurgaon-gurugram-2-to-6-years-191022907780
130,SnapLogic Data Science Practitioner,Accenture,Mumbai,Not disclosed,Educational Qualification : Bachelors degree and / or relevant experience required with...,2-4 Yrs,"Consulting, JDBC, Informatica, Microsoft Dynamics, Oracle, IT Skills, Data Science, Big Data",https://www.naukri.com/job-listings-snaplogic-data-science-practitioner-accenture-solutions-pvt-ltd-mumbai-2-to-4-years-181022906969
131,Data Science Manager,UPL Limited,Telangana,Not disclosed,Advanta is seeking a highly motivated Research Trials Data Manager who will be based at...,3-5 Yrs,"Data Science, Data validation, data management, Excel",https://www.naukri.com/job-listings-data-science-manager-upl-limited-telangana-3-to-5-years-191022910657
132,ACN - Applied Intelligence - CC - Data Science (IN) - 07,Accenture,Gurgaon/Gurugram,Not disclosed,At least 2-3 years of experience of leading junior team members on projects using suppl...,5-10 Yrs,"Supply chain management, Consulting, Application development, SQL, Python, IT Skills, Data Science, Machine Learning",https://www.naukri.com/job-listings-acn-applied-intelligence-cc-data-science-in-07-accenture-solutions-pvt-ltd-gurgaon-gurugram-5-to-10-years-191022907778
133,Job Opening For Data Science Manager @ GlobalData(Hyd),Globaldata,Temp. WFH - Hyderabad/Secunderabad(Kondapur),Not disclosed,"Hello, Hope you are doing good.Urgent job openings for Data Science Manager @ GlobalDat...",10-15 Yrs,"Text Analytics, machine learning, deep learning, NLP, data science, python, caffe, reinforcement learning",https://www.naukri.com/job-listings-opening-for-data-science-manager-globaldata-hyd-globaldata-hyderabad-secunderabad-10-to-15-years-150922001821
134,PMS Data Science Team Lead,Philips,Chennai,Not disclosed,"Measures, analyzes, and strategizes improvement in quality and regulatory, specifically...",4-8 Yrs,"Business services, Operations research, SAS, Project management, Agile, HTML, Econometrics, Forecasting",https://www.naukri.com/job-listings-pms-data-science-team-lead-philips-india-limited-chennai-4-to-8-years-290722501708
135,Specialist - Data Science - GMO,Dr Reddys,Hyderabad/Secunderabad,Not disclosed,BE / BTech (preferably in Computer Science) or MCA or Statistics / Applied Mathematics ...,2-6 Yrs,"Computer science, advanced analytics, SAS, data science, Analytical, Machine learning, Javascript, Analytics",https://www.naukri.com/job-listings-specialist-data-science-gmo-dr-reddys-laboratories-ltd-hyderabad-secunderabad-2-to-6-years-100622500319
136,Data Science Lead,Dr Reddys,Hyderabad/Secunderabad,Not disclosed,"Develope advance understanding of business obstacles, create solutions based on analyti...",2-5 Yrs,"Pilot, deep learning, Prototype, Simulation, data science, Machine learning, model development, Operations",https://www.naukri.com/job-listings-data-science-lead-dr-reddys-laboratories-ltd-hyderabad-secunderabad-2-to-5-years-100622500218
137,Job | Hiring For AVP | Data Science   | Citi,Citicorp Finance,Pune,Not disclosed,"We have an opportunity at Bangalore/ Pune with the USPBA Team, your profile looks inter...",8-11 Yrs,"SAS, Machine Learning, Deep Learning, Python",https://www.naukri.com/job-listings-hiring-for-avp-data-science-citi-citicorp-services-india-pvt-ltd-pune-8-to-11-years-311022002880
138,Principal Engineer - Data Science,LogiNext,Mumbai,Not disclosed,Adapting and enhancing machine learning techniques based on physical intuition about th...,8-10 Yrs,"IT Skills, Java, Python, Testing, Machine Learning, Cloud computing, Data analysis, SAS",https://www.naukri.com/job-listings-principal-engineer-data-science-loginext-solutions-mumbai-8-to-10-years-140922502288
139,Lead - Data Science - KPO,Huquo Consulting Pvt. Ltd,"Hyderabad/Secunderabad, Pune, Chennai, Gurgaon/Gurugram, Bangalore/Bengaluru",Not disclosed,"BTech, MTech or MCA degree from a reputed university Good power point presentation skil...",5-10 Yrs,"Data Science, Communication Skills, R, Logistic Regression, Data Management, Statistical Modeling, Data Processing, Powerpoint",https://www.naukri.com/job-listings-lead-data-science-kpo-huquo-consulting-pvt-ltd-hyderabad-secunderabad-pune-chennai-gurgaon-gurugram-bangalore-bengaluru-5-to-10-years-011122908287
140,Data Science Manager/Architect,TRH Consultancy Services,"Kolkata, Mumbai, Nagpur, Hyderabad/Secunderabad, Pune, Chennai, Coimbatore, Bangalore/Bengaluru, Delhi / NCR",Not disclosed,Minimum 5+ years of hands on experience using statistical computer languages (Python / ...,8-13 Yrs,"Data Science, statistical modeling, Python, data mining, machine learning, R, IT Skills, Neural Network",https://www.naukri.com/job-listings-data-science-manager-architect-trh-consultancy-services-kolkata-mumbai-nagpur-hyderabad-secunderabad-pune-chennai-coimbatore-bangalore-bengaluru-delhi-ncr-8-to-13-years-311022907694
141,Data Science Manager/Architect,TRH Consultancy Services,"Kolkata, Mumbai, Nagpur, Hyderabad/Secunderabad, Pune, Chennai, Coimbatore, Bangalore/Bengaluru, Delhi",Not disclosed,Minimum 5+ years of hands on experience using statistical computer languages (Python / ...,8-13 Yrs,"Python, data mining, R, machine learning, statistical modeling, IT Skills, Data Science, NLP",https://www.naukri.com/job-listings-data-science-manager-architect-trh-consultancy-services-kolkata-mumbai-nagpur-hyderabad-secunderabad-pune-chennai-coimbatore-bangalore-bengaluru-delhi-8-to-13-years-311022907632
142,Data Science Manager / Architect,TRH Consultancy Services,"Noida, Kolkata, Mumbai, Nagpur, Pune, Chennai, Coimbatore, Delhi / NCR, Bangalore/Bengaluru",Not disclosed,Minimum 5+ years of hands on experience using statistical computer languages (Python / ...,7-12 Yrs,"Data Science, IT Skills, Python, Machine Learning, AZURE, NLP, GCP, Data Scientist",https://www.naukri.com/job-listings-data-science-manager-architect-trh-consultancy-services-noida-kolkata-mumbai-nagpur-pune-chennai-coimbatore-delhi-ncr-bangalore-bengaluru-7-to-12-years-311022907602
143,Data Science (Computer Vision) / Immediate Joiners only,Mount Talent Consulting Private Limited ,"Noida, Pune, Gurgaon/Gurugram, Bangalore/Bengaluru, Delhi / NCR",Not disclosed,Minimum 2 years of working experience in computer Vision Ability to select hardware to ...,5-10 Yrs,"Data Science, Computer vision, TensorFlow, Linux, RESNET, OpenCV, pandas, CNN",https://www.naukri.com/job-listings-data-science-computer-vision-immediate-joiners-only-mount-talent-consulting-private-limited-noida-pune-gurgaon-gurugram-bangalore-bengaluru-delhi-ncr-5-to-10-years-270922600883
144,Delivery Head â€“ from Lifescience and Data Science Domain,PlaceMinds Consulting Pvt. Ltd,Bangalore/Bengaluru,Not disclosed,Candidate should be able to manage multiple projects in areas such as patient analytics...,7-12 Yrs,"Data Science, Data Science Operations, project management, Midas, DDD, analytics framework, Optum, Xponent",https://www.naukri.com/job-listings-delivery-head-from-lifescience-and-data-science-domain-placeminds-consulting-pvt-ltd-bangalore-bengaluru-7-to-12-years-191022913321
145,Research Associate - Data Science,Recodeminds Pvt Ltd,Hyderabad/Secunderabad,Not disclosed,The ideal Data Science research associate would be expected to have a bachelor s / mast...,1-3 Yrs,"Computer science, E-learning, SAN, Data analysis, French, Analytical, Research Associate, Internship",https://www.naukri.com/job-listings-research-associate-data-science-recodeminds-pvt-ltd-hyderabad-secunderabad-1-to-3-years-300622501608
146,Associate Vice President - Data Science,LogiNext,Mumbai,Not disclosed,Adapting and enhancing machine learning techniques based on physical intuition about th...,11-14 Yrs,"Cloud computing, Data analysis, SAS, Data modeling, PHP, Perl, Apache, Data mining",https://www.naukri.com/job-listings-associate-vice-president-data-science-loginext-solutions-mumbai-11-to-14-years-230922500390
147,Data Science Manager,Brainworks (new Jersey),Remote,Not disclosed,Experience with predictive modeling and machine learning algorithmsMasters Degree in Da...,6-11 Yrs,"Data analysis, data science, SAS, Data management, Data structures, Customer service, Data mining, Information technology",https://www.naukri.com/job-listings-data-science-manager-brainworks-new-jersey-remote-6-to-11-years-211022501091
148,Data Science(Python & SQL) Professionals,Achievex Solutions,Kolkata,Not disclosed,Experience working with and creating data architecturesData Science professional in Pyt...,4-8 Yrs,"python, R, Decision Tree, Clustering, SQL, Data Science, Artificial Neural Networks, Data Analysis",https://www.naukri.com/job-listings-data-science-python-sql-professionals-achievex-solutions-private-limited-kolkata-4-to-8-years-201022013229
149,Data Science,Xome,Chennai,Not disclosed,"Collaborate with stakeholders, business unit product owners, development teams to under...",4-9 Yrs,"Data analysis, tableau, data science, Diversity and Inclusion, Cloud, Relationship, Programming, Information technology",https://www.naukri.com/job-listings-data-science-xome-chennai-4-to-9-years-080922501631
150,Data Science,Mr. Cooper,Chennai,Not disclosed,"Collaborate with stakeholders, business unit product owners, development teams to under...",4-9 Yrs,"Data analysis, tableau, data science, Diversity and Inclusion, Cloud, Relationship, Programming, Information technology",https://www.naukri.com/job-listings-data-science-mr-cooper-chennai-4-to-9-years-080922500758
151,"Engineer, Data Science",Micron Semiconductor Asia Pte Ltd,Hyderabad/Secunderabad,Not disclosed,Exposure to the semiconductor industry is a plus but not a requirementExperience in the...,5-7 Yrs,"data cleansing, Semiconductor, Operational excellence, Analytical, Javascript, SSIS, Teradata, Recruitment",https://www.naukri.com/job-listings-engineer-data-science-micron-semiconductor-asia-pte-ltd-hyderabad-secunderabad-5-to-7-years-311022501756
152,"Associate Data Science Engineer, SMAI",Micron Semiconductor Asia Pte Ltd,Hyderabad/Secunderabad,Not disclosed,Exposure to the semiconductor industry is a plus but not a requirementExperience in the...,5-8 Yrs,"Semiconductor, Neural networks, Analytical, Artificial Intelligence, Machine learning, Javascript, SQL, Python",https://www.naukri.com/job-listings-associate-data-science-engineer-smai-micron-semiconductor-asia-pte-ltd-hyderabad-secunderabad-5-to-8-years-311022501724
153,Senior Data Science Manager,Inspire Analytics,Temp. WFH - Chennai,"30,00,000 - 40,00,000 PA.","Work from home is flexible but individuals must be eligible to work in Chennai, India w...",5-7 Yrs,"python, Unix, Architectural Patterns, Data Cleansing, machine learning, Jupyter Notebook, data engineering, ETL Testing",https://www.naukri.com/job-listings-senior-data-science-manager-inspire-analytics-private-limited-chennai-5-to-7-years-040622000022
154,Manager - Analytics & Data Science,Veritas Technologies LLC,Pune,Not disclosed,"Master s degree in computer science, statistics, analytics or certification in business...",10-15 Yrs,"IT Skills, Python, Data Science, Machine Learning, Cloud, AWS, Tableau, Simulation",https://www.naukri.com/job-listings-manager-analytics-data-science-veritas-technologies-llc-pune-10-to-15-years-230922500748
155,Data Science Trainer,D. M. Net Technologies,Ahmedabad,"3,00,000 - 6,00,000 PA.","Candidate has to provide the training on Python , Python Data Analytics , NumPy , Panda...",1-5 Yrs,"Data Science, Matplotlib, Python Data Analytics, Machine Learning, Python, NLP, Artificial Intelligence, Pandas",https://www.naukri.com/job-listings-data-science-trainer-d-m-net-technologies-ahmedabad-1-to-5-years-091122005461
156,Data Science Manager,ZS Associates,Pune,Not disclosed,PhD in Computer Science (OR Statistics) / MTech / MS from a premier institute would be ...,9-12 Yrs,"Java, Python, Machine Learning, Hadoop, project management, big data, analytical, predictive modeling",https://www.naukri.com/job-listings-data-science-manager-zs-associates-pune-9-to-12-years-211022500406
157,Manager - Data Science,Home Credit ,Gurgaon/Gurugram,Not disclosed,"The prospective candidate will be a key pillar standing between business and customers,...",4-9 Yrs,"Business process, Process design, Business objects, Business research, Analytical, Business strategy, Information management, Adobe",https://www.naukri.com/job-listings-manager-data-science-home-credit-india-finance-private-limited-gurgaon-gurugram-4-to-9-years-120521501022
158,Data Science / ML Freshers Professional,CliqHR Recruitment Services,Kochi/Cochin,Not disclosed,Minimum 1 - 2 years of experience as a software developerSkills Required: BE/ BTech/ MC...,0-1 Yrs,"Data Science, machine learning, LSTM, pandas, tensorflow, CNN, Spacy, scikit",https://www.naukri.com/job-listings-data-science-ml-freshers-professional-cliqhr-recruitment-services-kochi-cochin-0-to-1-years-211022904994
159,Trainee-freshers-Machine Learning & Data Science with Python,Aficionado Technologies Pvt Ltd,Bangalore/Bengaluru(BTM Layout),Not disclosed,Internship with Placement Trainees willing to make their career into DATA Scientist & M...,0-0 Yrs,"Machine Learning, Deep Learning, Python, PCA, LR kNN, LR, Numpy, DT&EL",https://www.naukri.com/job-listings-trainee-freshers-machine-learning-data-science-with-python-aficionado-technologies-pvt-ltd-bangalore-bengaluru-0-to-0-years-011122016976
160,Sr. Manager- Data Science and Insights,Xpert Conexions   ,"Gurgaon/Gurugram, Mumbai (All Areas)",Not disclosed,5 8 years of experienceTeam management experience,5-10 Yrs,"Insights, Data Science, Data Anlalytics, Business Analytics, Data Analysis, data analyst, Business Analysis",https://www.naukri.com/job-listings-sr-manager-data-science-and-insights-xpert-conexions-gurgaon-gurugram-mumbai-all-areas-5-to-10-years-200922607389
161,Senior Engineer - Data Science,CNH Industrial,Gurgaon/Gurugram,Not disclosed,"Knowledge of statistical methods, and Machine Learning are essential requirements for t...",5-10 Yrs,"ISO, data science, Industrial products, QMS, Machine learning, Telematics, Forecasting, Information technology",https://www.naukri.com/job-listings-senior-engineer-data-science-cnh-industrial-gurgaon-gurugram-5-to-10-years-230922502565
162,Data Science Executive,Redbus,Gurgaon/Gurugram,Not disclosed,Play a critical role in the marketing strategy by taking ownership of the data science ...,2-7 Yrs,"deep learning, Marketing analytics, data science, Analytical, Machine learning, E-commerce, Analytics, Marketing strategy",https://www.naukri.com/job-listings-data-science-executive-redbus-gurgaon-gurugram-2-to-7-years-181022502146
163,Senior Associate- Data Science,Cataenon,remote,Not disclosed,"Bachelor / Master of Engineering, BSc / MSc Honors, PhD or equivalent 5 years experienc...",5-8 Yrs,"SAS, data science, Talent acquisition, Analytical, Client engagement, SPSS, Executive search, Management",https://www.naukri.com/job-listings-senior-associate-data-science-cataenon-remote-5-to-8-years-190722501144
164,"Senior Manager - Data Science, Pan India",The Smart Cube,remote,Not disclosed,"Relevant experience of 10+ years in advanced machine learning, advanced analytical mode...",10-20 Yrs,"Computer science, Telecom, Operations research, Team management, data domain, Project management, Analytical, Machine learning",https://www.naukri.com/job-listings-senior-manager-data-science-pan-india-smart-cube-india-private-limited-remote-10-to-20-years-150322501203
165,Senior Manager - Data Science and Analytics (Insights),Transunion,Mumbai,Not disclosed,"S / he should be able to understand business needs, translate them to analytical requir...",5-8 Yrs,"IT Skills, Tableau, Automation, Team leading, Team management, data science, Coding, Analytical",https://www.naukri.com/job-listings-senior-manager-data-science-and-analytics-insights-transunion-software-services-pvt-ltd-mumbai-5-to-8-years-070422501485
166,Intern â€“ Computer Science/ Data Analyst,Pratham,Gurgaon/Gurugram,Not disclosed,"First year graduate or 3rd year undergraduate in Software / Electrical Engineering, Com...",0-1 Yrs,"Computer science, Electrical engineering, Data validation, Senior management, Analytical, Data collection, Internship, Recruitment",https://www.naukri.com/job-listings-intern-computer-science-data-analyst-pratham-edusys-pvt-ltd-gurgaon-gurugram-0-to-1-years-111022500594
167,Data Analytics/Data Science - Hiring For only Female candidates!,Allegis Services India Pvt. Ltd.,Jaipur,"18,00,000 - 27,50,000 PA.",Ensure requirements meet minimum standards for acceptance Tableau) preferred As a Data ...,9-14 Yrs,"sql server, SQL, data analytics, Tableau",https://www.naukri.com/job-listings-data-analytics-data-science-hiring-for-only-female-candidates-allegis-services-india-pvt-ltd-jaipur-9-to-14-years-220922600537
168,AVP - Data Science -BFSI,Allegis Services India Pvt. Ltd.,Hybrid - Kolkata,Not disclosed,"At least Masters degree in Mathematics, Statistics, Economics, Engineering, Computer Sc...",7-12 Yrs,"Compliance Risk, machine learning, python, R, sas, GCP, credit risk, AWS",https://www.naukri.com/job-listings-avp-data-science-bfsi-allegis-services-india-pvt-ltd-kolkata-7-to-12-years-201022008637
169,Associate Vice President - Data Science - KPO,Huquo Consulting Pvt. Ltd,Gurgaon/Gurugram,Not disclosed,Associate Vice President- Data Science Role & Responsibilities Overview :- Expected to ...,7-12 Yrs,"Data Science, Data Modelling, Automation, Data Analysis, Diagnosis, programming, Python",https://www.naukri.com/job-listings-associate-vice-president-data-science-kpo-huquo-consulting-pvt-ltd-gurgaon-gurugram-7-to-12-years-261022910374
170,Data Science Manager,Isha Foundation,Coimbatore,Not disclosed,Prepare a summary of results for in-house discussion and take feedback whenever / where...,5-7 Yrs,"Data analysis, SAS SQL, Analytical, Business Economics, Machine learning, power bi, model development, Predictive modeling",https://www.naukri.com/job-listings-data-science-manager-isha-foundation-coimbatore-5-to-7-years-080822500554
171,Data Science Engineer,Whizhack Technologies,Gurgaon/Gurugram,Not disclosed,Our Mission is to not only to create a pipeline of cyber security products but also a t...,2-4 Yrs,"data science, deep learning, Neural Networks, machine learning",https://www.naukri.com/job-listings-data-science-engineer-whizhack-technologies-pvt-ltd-gurgaon-gurugram-2-to-4-years-261022003303
172,Software Engineer (Data Science),Konverge.AI,"Nagpur, Pune",Not disclosed,"Must have skills Proficient in one of Keras/Tensorflow, PyTorch, SK-learn. Excellent un...",1-5 Yrs,"Jupyter, Keras, R, Django, PyTorch, Scala, D3 js, SK",https://www.naukri.com/job-listings-software-engineer-data-science-konverge-ai-nagpur-pune-1-to-5-years-230922502064
173,Data Science Engineer,Consilium Software,New Delhi,Not disclosed,One should be familiar with regression practices Good communication skills,2-5 Yrs,"IT Skills, Java, Python, Data Science, Machine Learning, Data modeling, Artificial Intelligence, Data structures",https://www.naukri.com/job-listings-data-science-engineer-consilium-software-pvt-ltd-new-delhi-2-to-5-years-140922502324
174,Software Engineer - Data Science,LogiNext,Mumbai,Not disclosed,"Bachelors degree or higher in Computer Science, Information Technology, Information Sys...",2-3 Yrs,"Python, Tableau, Excel, data mining, Java, Hadoop, communication, Analytical",https://www.naukri.com/job-listings-software-engineer-data-science-loginext-solutions-mumbai-2-to-3-years-140922502290
175,Speech & Text Analytics Engineer Data  Science,Anicalls,Chennai,Not disclosed,Candidate should be able to: - Build text-based search engine and question answering sy...,5-10 Yrs,"IT Skills, Machine Learning, Unix, Text mining, deep learning, data science, Data processing, Data structures",https://www.naukri.com/job-listings-speech-text-analytics-engineer-data-science-anicalls-chennai-5-to-10-years-280322500092
176,Data Science Engineer,Anicalls,Hyderabad/Secunderabad,Not disclosed,Education: Bachelors degree Candidate must have: Experience in data processing tools su...,5-10 Yrs,"cloudera, big data, SQL Server, Tableau, hadoop, HUE, XML, Talend",https://www.naukri.com/job-listings-data-science-engineer-anicalls-hyderabad-secunderabad-5-to-10-years-260322501088
177,Data Science Engineer,QiO,Pune,Not disclosed,Bachelor s Degree in an Engineering discipline is a must AI\ML\Analytics Certification ...,10-15 Yrs,"IT Skills, Data Science, Cloud, Big Data, Supply chain management, Networking, Artificial Intelligence, Machine learning",https://www.naukri.com/job-listings-data-science-engineer-qio-technologies-pune-10-to-15-years-250622500191
178,Data Science Engineer,Alliance Recruitment Agency,Pune,Not disclosed,"Experience with common data science toolkits, such as R, Weka, NumPy, MatLab, etcExperi...",2-10 Yrs,"Usage, Statistical analysis, data science, Focus, Machine learning, Data collection, Programming, Data mining",https://www.naukri.com/job-listings-data-science-engineer-alliance-recruitment-agency-pune-2-to-10-years-120922500967
179,Data Science Engineer,Alliance Recruitment Agency,Kolkata,Not disclosed,Consulting with internal clients on how data can be optimised with further data / analy...,5-10 Yrs,"Analytical, Consulting, Machine learning, Market research, Natural language processing, SPSS, Continuous improvement, Powerpoint",https://www.naukri.com/job-listings-data-science-engineer-alliance-recruitment-agency-kolkata-5-to-10-years-120922500966
